E01016016,CT13NG
E01016017,CT94AN
E01016018,DA28DA
E01016019,ME169QQ
E01016020,ME75NY
E01016021,SE17EH
E01016022,SE59RS
E01016023,TN240LZ
E01016024,TN24QJ
E01016025,
E01016026,
E01016027,
E01016028,
E01016029,
E01016030,
E01016031,
E01016032,
E01016033,
E01016034,
E01016035,
E01016036,
E01016037,
E01016038,
E01016039,
E01016040,
E01016041,
E01016042,
E01016043,
E01016044,
E01016045,
E01016046,
E01016047,
E01016048,
E01016049,
E01016050,
E01016051,
E01016052,
E01016053,
E01016054,
E01016055,
E01016056,
E01016057,
E01016058,
E01016059,
E01016060,
E01016061,
E01016062,
E01016063,
E01016064,
E01016065,
E01016066,
E01016067,
E01016068,
E01016069,
E01016070,
E01016071,
E01016072,
E01016073,
E01016074,
E01016075,
E01016076,
E01016077,
E01016078,
E01016079,
E01016080,
E01016081,
E01016082,
E01016083,
E01016084,
E01016085,
E01016086,
E01016087,
E01016088,
E01016089,
E01016090,
E01016091,
E01016092,
E01016093,
E01016094,
E01016095,
E01016096,
E01016097,
E01016098,
E01016099,
E01016100,
E01016101,
E01016102,
E01016103,
E01016104,
E01016105,
E01016106,
E01016107,
E01016110,
E01016111,
E01016112,
E01016113,
E01016114,
E01016115,
E01016116,
E01016117,
E01016118,
E01016119,
E01016120,
E01016121,
E01016122,
E01016123,
E01016124,
E01016125,
E01016126,
E01016127,
E01016128,
E01016129,
E01016130,
E01016131,
E01016132,
E01016133,
E01016134,
E01016135,
E01016136,
E01016137,
E01016138,
E01016139,
E01016140,
E01016141,
E01016142,
E01016143,
E01016144,
E01016145,
E01016146,
E01016147,
E01016148,
E01016149,
E01016150,
E01016151,
E01016152,
E01016153,
E01016154,
E01016155,
E01016156,
E01016157,
E01016158,
E01016159,
E01016160,
E01016161,
E01016162,
E01016163,
E01016164,
E01016165,
E01016166,
E01016167,
E01016168,
E01016169,
E01016170,
E01016171,
E01016172,
E01016173,
E01016174,
E01016175,
E01016176,
E01016177,
E01016178,
E01016179,
E01023972,
E01023973,
E01023974,
E01023975,
E01023976,
E01023977,
E01023978,
E01023979,
E01023980,
E01023981,
E01023983,
E01023984,
E01023985,
E01023986,
E01023987,
E01023988,
E01023989,
E01023990,
E01023992,
E01023993,
E01023995,
E01023996,
E01023997,
E01023998,
E01023999,
E01024001,
E01024002,
E01024003,
E01024004,
E01024005,
E01024006,
E01024008,
E01024009,
E01024010,
E01024011,
E01024012,
E01024013,
E01024014,
E01024015,
E01024016,
E01024017,
E01024019,
E01024020,
E01024021,
E01024022,
E01024023,
E01024024,
E01024025,
E01024026,
E01024027,
E01024028,
E01024029,
E01024031,
E01024032,
E01024033,
E01024034,
E01024035,
E01024036,
E01024037,
E01024038,
E01024039,
E01024040,
E01024041,
E01024042,
E01024043,
E01024044,
E01024045,
E01024046,
E01024047,
E01024048,
E01024049,
E01024052,
E01024053,
E01024054,
E01024055,
E01024056,
E01024057,
E01024058,
E01024059,
E01024060,
E01024061,
E01024062,
E01024063,
E01024064,
E01024065,
E01024066,
E01024067,
E01024068,
E01024069,
E01024070,
E01024071,
E01024072,
E01024073,
E01024074,
E01024075,
E01024076,
E01024077,
E01024078,
E01024079,
E01024080,
E01024081,
E01024082,
E01024083,
E01024084,
E01024085,
E01024086,
E01024087,
E01024088,
E01024089,
E01024090,
E01024091,
E01024092,
E01024093,
E01024094,
E01024095,
E01024096,
E01024097,
E01024098,
E01024099,
E01024100,
E01024101,
E01024102,
E01024103,
E01024104,
E01024105,
E01024106,
E01024107,
E01024108,
E01024109,
E01024110,
E01024111,
E01024112,
E01024113,
E01024114,
E01024115,
E01024116,
E01024117,
E01024118,
E01024119,
E01024120,
E01024121,
E01024122,
E01024123,
E01024124,
E01024126,
E01024127,
E01024128,
E01024129,
E01024130,
E01024131,
E01024132,
E01024133,
E01024134,
E01024135,
E01024136,
E01024137,
E01024138,
E01024139,
E01024140,
E01024141,
E01024142,
E01024143,
E01024144,
E01024145,
E01024146,
E01024147,
E01024148,
E01024149,
E01024150,
E01024151,
E01024152,
E01024153,
E01024154,
E01024155,
E01024156,
E01024157,
E01024158,
E01024159,
E01024160,
E01024161,
E01024162,
E01024163,
E01024164,
E01024165,
E01024166,
E01024167,
E01024168,
E01024169,
E01024170,
E01024171,
E01024172,
E01024173,
E01024174,
E01024175,
E01024176,
E01024177,
E01024178,
E01024179,
E01024180,
E01024181,
E01024182,
E01024183,
E01024184,
E01024185,
E01024186,
E01024187,
E01024188,
E01024189,
E01024190,
E01024191,
E01024192,
E01024193,
E01024194,
E01024195,
E01024196,
E01024197,
E01024198,
E01024200,
E01024201,
E01024202,
E01024203,
E01024204,
E01024205,
E01024206,
E01024207,
E01024208,
E01024209,
E01024212,
E01024213,
E01024214,
E01024215,
E01024216,
E01024217,
E01024218,
E01024219,
E01024220,
E01024221,
E01024222,
E01024223,
E01024224,
E01024225,
E01024226,
E01024227,
E01024228,
E01024229,
E01024230,
E01024231,
E01024232,
E01024233,
E01024234,
E01024235,
E01024236,
E01024237,
E01024238,
E01024239,
E01024240,
E01024241,
E01024242,
E01024243,
E01024244,
E01024245,
E01024246,
E01024247,
E01024248,
E01024249,
E01024250,
E01024251,
E01024252,
E01024253,
E01024254,
E01024255,
E01024256,
E01024257,
E01024258,
E01024259,
E01024260,
E01024261,
E01024262,
E01024263,
E01024264,
E01024265,
E01024266,
E01024267,
E01024268,
E01024269,
E01024270,
E01024271,
E01024272,
E01024273,
E01024274,
E01024275,
E01024276,
E01024277,
E01024278,
E01024279,
E01024280,
E01024281,
E01024282,
E01024283,
E01024284,
E01024285,
E01024286,
E01024287,
E01024288,
E01024290,
E01024291,
E01024292,
E01024293,
E01024294,
E01024295,
E01024296,
E01024297,
E01024298,
E01024299,
E01024300,
E01024301,
E01024302,
E01024303,
E01024304,
E01024305,
E01024306,
E01024307,
E01024308,
E01024309,
E01024310,
E01024311,
E01024312,
E01024313,
E01024314,
E01024315,
E01024316,
E01024317,
E01024318,
E01024319,
E01024320,
E01024321,
E01024322,
E01024323,
E01024324,
E01024325,
E01024326,
E01024327,
E01024328,
E01024329,
E01024330,
E01024331,
E01024332,
E01024333,
E01024334,
E01024335,
E01024336,
E01024337,
E01024338,
E01024339,
E01024340,
E01024341,
E01024342,
E01024343,
E01024344,
E01024345,
E01024346,
E01024347,
E01024348,
E01024349,
E01024350,
E01024351,
E01024352,
E01024353,
E01024354,
E01024355,
E01024356,
E01024357,
E01024358,
E01024360,
E01024361,
E01024362,
E01024363,
E01024364,
E01024365,
E01024366,
E01024367,
E01024369,
E01024371,
E01024372,
E01024373,
E01024374,
E01024375,
E01024376,
E01024377,
E01024378,
E01024379,
E01024380,
E01024381,
E01024382,
E01024383,
E01024384,
E01024385,
E01024386,
E01024387,
E01024388,
E01024389,
E01024390,
E01024391,
E01024392,
E01024393,
E01024394,
E01024395,
E01024396,
E01024397,
E01024398,
E01024399,
E01024400,
E01024401,
E01024402,
E01024403,
E01024404,
E01024405,
E01024406,
E01024407,
E01024408,
E01024409,
E01024410,
E01024411,
E01024413,
E01024414,
E01024415,
E01024416,
E01024417,
E01024418,
E01024419,
E01024420,
E01024421,
E01024422,
E01024423,
E01024424,
E01024425,
E01024426,
E01024427,
E01024428,
E01024429,
E01024430,
E01024431,
E01024432,
E01024433,
E01024434,
E01024435,
E01024436,
E01024437,
E01024438,
E01024439,
E01024440,
E01024441,
E01024442,
E01024443,
E01024444,
E01024445,
E01024446,
E01024447,
E01024448,
E01024449,
E01024450,
E01024451,
E01024452,
E01024453,
E01024454,
E01024455,
E01024456,
E01024457,
E01024458,
E01024459,
E01024460,
E01024461,
E01024462,
E01024463,
E01024464,
E01024465,
E01024466,
E01024467,
E01024468,
E01024469,
E01024470,
E01024471,
E01024472,
E01024473,
E01024474,
E01024475,
E01024476,
E01024477,
E01024478,
E01024479,
E01024480,
E01024481,
E01024482,
E01024483,
E01024484,
E01024485,
E01024486,
E01024487,
E01024488,
E01024489,
E01024490,
E01024491,
E01024492,
E01024493,
E01024494,
E01024495,
E01024496,
E01024497,
E01024498,
E01024499,
E01024500,
E01024501,
E01024502,
E01024503,
E01024504,
E01024505,
E01024507,
E01024508,
E01024509,
E01024510,
E01024511,
E01024512,
E01024513,
E01024514,
E01024515,
E01024516,
E01024517,
E01024518,
E01024519,
E01024520,
E01024521,
E01024522,
E01024523,
E01024524,
E01024525,
E01024526,
E01024527,
E01024528,
E01024529,
E01024530,
E01024531,
E01024532,
E01024533,
E01024534,
E01024535,
E01024536,
E01024537,
E01024538,
E01024539,
E01024540,
E01024541,
E01024542,
E01024544,
E01024545,
E01024546,
E01024547,
E01024548,
E01024549,
E01024550,
E01024551,
E01024552,
E01024553,
E01024554,
E01024555,
E01024556,
E01024557,
E01024558,
E01024559,
E01024560,
E01024561,
E01024562,
E01024563,
E01024564,
E01024565,
E01024566,
E01024567,
E01024568,
E01024569,
E01024570,
E01024571,
E01024572,
E01024573,
E01024575,
E01024576,
E01024577,
E01024578,
E01024579,
E01024580,
E01024581,
E01024582,
E01024583,
E01024584,
E01024585,
E01024586,
E01024587,
E01024588,
E01024589,
E01024590,
E01024591,
E01024592,
E01024593,
E01024594,
E01024595,
E01024596,
E01024597,
E01024598,
E01024599,
E01024600,
E01024601,
E01024602,
E01024603,
E01024604,
E01024605,
E01024606,
E01024608,
E01024609,
E01024610,
E01024611,
E01024612,
E01024613,
E01024614,
E01024615,
E01024616,
E01024618,
E01024619,
E01024620,
E01024621,
E01024622,
E01024623,
E01024624,
E01024625,
E01024626,
E01024627,
E01024628,
E01024629,
E01024630,
E01024631,
E01024632,
E01024633,
E01024634,
E01024635,
E01024636,
E01024637,
E01024638,
E01024639,
E01024640,
E01024641,
E01024642,
E01024643,
E01024644,
E01024645,
E01024646,
E01024647,
E01024648,
E01024649,
E01024650,
E01024651,
E01024652,
E01024653,
E01024654,
E01024655,
E01024656,
E01024657,
E01024658,
E01024659,
E01024660,
E01024661,
E01024662,
E01024663,
E01024664,
E01024665,
E01024666,
E01024667,
E01024668,
E01024669,
E01024670,
E01024671,
E01024672,
E01024673,
E01024674,
E01024675,
E01024676,
E01024677,
E01024678,
E01024679,
E01024680,
E01024681,
E01024682,
E01024683,
E01024684,
E01024685,
E01024686,
E01024687,
E01024688,
E01024689,
E01024690,
E01024691,
E01024692,
E01024693,
E01024694,
E01024695,
E01024696,
E01024697,
E01024698,
E01024699,
E01024700,
E01024701,
E01024702,
E01024703,
E01024704,
E01024705,
E01024706,
E01024707,
E01024708,
E01024709,
E01024710,
E01024711,
E01024712,
E01024713,
E01024714,
E01024715,
E01024716,
E01024717,
E01024718,
E01024719,
E01024720,
E01024721,
E01024722,
E01024723,
E01024724,
E01024725,
E01024726,
E01024727,
E01024728,
E01024729,
E01024730,
E01024731,
E01024732,
E01024733,
E01024734,
E01024735,
E01024736,
E01024737,
E01024740,
E01024741,
E01024742,
E01024743,
E01024744,
E01024745,
E01024746,
E01024747,
E01024748,
E01024749,
E01024750,
E01024751,
E01024752,
E01024753,
E01024754,
E01024755,
E01024756,
E01024757,
E01024758,
E01024760,
E01024761,
E01024762,
E01024763,
E01024764,
E01024765,
E01024766,
E01024767,
E01024768,
E01024771,
E01024772,
E01024773,
E01024774,
E01024775,
E01024776,
E01024777,
E01024778,
E01024779,
E01024780,
E01024781,
E01024782,
E01024783,
E01024784,
E01024785,
E01024786,
E01024787,
E01024788,
E01024789,
E01024790,
E01024791,
E01024792,
E01024793,
E01024794,
E01024795,
E01024796,
E01024797,
E01024798,
E01024799,
E01024800,
E01024801,
E01024802,
E01024803,
E01024804,
E01024805,
E01024806,
E01024807,
E01024808,
E01024809,
E01024810,
E01024811,
E01024812,
E01024813,
E01024814,
E01024815,
E01024816,
E01024817,
E01024818,
E01024819,
E01024820,
E01024821,
E01024822,
E01024823,
E01024824,
E01024825,
E01024826,
E01024827,
E01024828,
E01024829,
E01024830,
E01024831,
E01024832,
E01024833,
E01024834,
E01024835,
E01024836,
E01024837,
E01024838,
E01024839,
E01024840,
E01024841,
E01024842,
E01024843,
E01024844,
E01024845,
E01024846,
E01024847,
E01024848,
E01024849,
E01024850,
E01024851,
E01024852,
E01024853,
E01024854,
E01032619,
E01032620,
E01032653,
E01032654,
E01032655,
E01032656,
E01032735,
E01032737,
E01032798,
E01032799,
E01032800,
E01032807,
E01032808,
E01032809,
E01032810,
E01032811,
E01032812,
E01032813,
E01032814,
E01032815,
E01032816,
E01032817,
E01032818,
E01032819,
E01032820,
E01032821,
E01032822,
E01032823,
E01032824,
E01032825,
E01032826,
E01032827,
E01032828,
E01032829,
E01032830,
E01033087,
E01033088,
E01033089,
E01033090,
E01033091,
E01033092,
E01033209,
E01033210,
E01033211,
E01033212,
E01033213,
E01033214,
E01033215,
