Provider Code,Provider name,2024/25 MFF value
R0A,Manchester University NHS Foundation Trust,1.045148
R0B,South Tyneside And Sunderland NHS Foundation Trust,1.024496
R0D,University Hospitals Dorset NHS Foundation Trust,1.043026
R1A,Herefordshire and Worcestershire Health and Care NHS Trust,1.031616
R1C,Solent NHS Trust,1.053075
R1D,Shropshire Community Health NHS Trust,1.022017
R1F,Isle Of Wight NHS Trust,1.021975
R1H,Barts Health NHS Trust,1.168433
R1K,London North West University Healthcare NHS Trust,1.149774
R1L,Essex Partnership University NHS Foundation Trust,1.079062
RA2,Royal Surrey County Hospital NHS Foundation Trust,1.112197
RA7,University Hospitals Bristol and Weston NHS Foundation Trust,1.056667
RA9,Torbay And South Devon NHS Foundation Trust,1
RAE,Bradford Teaching Hospitals NHS Foundation Trust,1.015149
RAJ,Mid and South Essex NHS Foundation Trust,1.066846
RAL,Royal Free London NHS Foundation Trust,1.166821
RAN,Royal National Orthopaedic Hospital NHS Trust,1.14361
RAP,North Middlesex University Hospital NHS Trust,1.158728
RAS,The Hillingdon Hospitals NHS Foundation Trust,1.136638
RAT,North East London NHS Foundation Trust,1.15846
RAX,Kingston Hospital NHS Foundation Trust,1.153291
RBD,Dorset County Hospital NHS Foundation Trust,1.029506
RBK,Walsall Healthcare NHS Trust,1.025976
RBL,Wirral University Teaching Hospital NHS Foundation Trust,1.026794
RBN,Mersey & West Lancashire Teaching Hospitals NHS Trust,1.030819
RBQ,Liverpool Heart And Chest Hospital NHS Foundation Trust,1.029987
RBS,Alder Hey Children's NHS Foundation Trust,1.029827
RBT,Mid Cheshire Hospitals NHS Foundation Trust,1.034314
RBV,The Christie NHS Foundation Trust,1.045817
RC9,Bedfordshire Hospitals NHS Foundation Trust,1.072368
RCB,York and Scarborough Teaching Hospitals NHS Foundation Trust,1.025531
RCD,Harrogate And District NHS Foundation Trust,1.031831
RCF,Airedale NHS Foundation Trust,1.012274
RCU,Sheffield Children's NHS Foundation Trust,1.024382
RCX,"The Queen Elizabeth Hospital, King's Lynn, NHS Foundation Trust",1.024664
RD1,Royal United Hospitals Bath NHS Foundation Trust,1.048404
RD8,Milton Keynes University Hospital NHS Foundation Trust,1.076517
RDE,East Suffolk And North Essex NHS Foundation Trust,1.042571
RDR,Sussex Community NHS Foundation Trust,1.058473
RDU,Frimley Health NHS Foundation Trust,1.11943
RDY,Dorset Healthcare University NHS Foundation Trust,1.038987
REF,Royal Cornwall Hospitals NHS Trust,1.008588
REM,Liverpool University Hospitals NHS Foundation Trust,1.029804
REN,The Clatterbridge Cancer Centre NHS Foundation Trust,1.026899
REP,Liverpool Women's NHS Foundation Trust,1.029678
RET,The Walton Centre NHS Foundation Trust,1.030137
RF4,"Barking, Havering And Redbridge University Hospitals NHS Trust",1.153125
RFF,Barnsley Hospital NHS Foundation Trust,1.023757
RFR,The Rotherham NHS Foundation Trust,1.020969
RFS,Chesterfield Royal Hospital NHS Foundation Trust,1.020712
RGD,Leeds And York Partnership NHS Foundation Trust,1.040332
RGM,Royal Papworth Hospital NHS Foundation Trust,1.0885
RGN,North West Anglia NHS Foundation Trust,1.029688
RGP,James Paget University Hospitals NHS Foundation Trust,1.01779
RGR,West Suffolk NHS Foundation Trust,1.028511
RGT,Cambridge University Hospitals NHS Foundation Trust,1.085909
RH5,Somerset NHS Foundation Trust,1.032016
RH8,Royal Devon University Healthcare NHS Foundation Trust,1.012875
RHA,Nottinghamshire Healthcare NHS Foundation Trust,1.02833
RHM,University Hospital Southampton NHS Foundation Trust,1.07059
RHQ,Sheffield Teaching Hospitals NHS Foundation Trust,1.023637
RHU,Portsmouth Hospitals University NHS Trust,1.048066
RHW,Royal Berkshire NHS Foundation Trust,1.124206
RJ1,Guy's And St Thomas' NHS Foundation Trust,1.171161
RJ2,Lewisham And Greenwich NHS Trust,1.160762
RJ6,Croydon Health Services NHS Trust,1.161179
RJ7,St George's University Hospitals NHS Foundation Trust,1.164162
RJ8,Cornwall Partnership NHS Foundation Trust,1.011517
RJC,South Warwickshire University NHS Foundation Trust,1.068293
RJE,University Hospitals Of North Midlands NHS Trust,1.019549
RJL,Northern Lincolnshire And Goole NHS Foundation Trust,1.017598
RJN,East Cheshire NHS Trust,1.042909
RJR,Countess Of Chester Hospital NHS Foundation Trust,1.035966
RJZ,King's College Hospital NHS Foundation Trust,1.16651
RK5,Sherwood Forest Hospitals NHS Foundation Trust,1.018609
RK9,University Hospitals Plymouth NHS Trust,1.00689
RKB,University Hospitals Coventry And Warwickshire NHS Trust,1.048805
RKE,Whittington Health NHS Trust,1.177435
RKL,West London NHS Trust,1.136913
RL1,The Robert Jones And Agnes Hunt Orthopaedic Hospital NHS Foundation Trust,1.026008
RL4,The Royal Wolverhampton NHS Trust,1.022172
RLQ,Wye Valley NHS Trust,1.007968
RLT,George Eliot Hospital NHS Trust,1.045959
RLY,North Staffordshire Combined Healthcare NHS Trust,1.019593
RM1,Norfolk And Norwich University Hospitals NHS Foundation Trust,1.011088
RM3,Northern Care Alliance NHS Foundation Trust,1.042038
RMC,Bolton NHS Foundation Trust,1.040481
RMP,Tameside And Glossop Integrated Care NHS Foundation Trust,1.042391
RMY,Norfolk And Suffolk NHS Foundation Trust,1.016756
RN3,Great Western Hospitals NHS Foundation Trust,1.066165
RN5,Hampshire Hospitals NHS Foundation Trust,1.077548
RN7,Dartford And Gravesham NHS Trust,1.149448
RNA,The Dudley Group NHS Foundation Trust,1.019317
RNK,Tavistock And Portman NHS Foundation Trust,1.176528
RNN,North Cumbria Integrated Care NHS Foundation Trust,1.033138
RNQ,Kettering General Hospital NHS Foundation Trust,1.035837
RNS,Northampton General Hospital NHS Trust,1.049582
RNU,Oxford Health NHS Foundation Trust,1.084066
RNZ,Salisbury NHS Foundation Trust,1.041053
RP1,Northamptonshire Healthcare NHS Foundation Trust,1.044406
RP4,Great Ormond Street Hospital For Children NHS Foundation Trust,1.20777
RP5,Doncaster And Bassetlaw Teaching Hospitals NHS Foundation Trust,1.027051
RP6,Moorfields Eye Hospital NHS Foundation Trust,1.180688
RP7,Lincolnshire Partnership NHS Foundation Trust,1.013935
RPA,Medway NHS Foundation Trust,1.05968
RPC,Queen Victoria Hospital NHS Foundation Trust,1.080847
RPG,Oxleas NHS Foundation Trust,1.157972
RPY,The Royal Marsden NHS Foundation Trust,1.163776
RQ3,Birmingham Women's And Children's NHS Foundation Trust,1.0474
RQM,Chelsea And Westminster Hospital NHS Foundation Trust,1.174979
RQW,The Princess Alexandra Hospital NHS Trust,1.10631
RQX,Homerton Healthcare NHS Foundation Trust,1.169101
RQY,South West London And St George's Mental Health NHS Trust,1.161959
RR7,Gateshead Health NHS Foundation Trust,1.030834
RR8,Leeds Teaching Hospitals NHS Trust,1.037244
RRE,Midlands Partnership NHS Foundation Trust,1.021779
RRF,"Wrightington, Wigan And Leigh NHS Foundation Trust",1.0343
RRJ,The Royal Orthopaedic Hospital NHS Foundation Trust,1.045861
RRK,University Hospitals Birmingham NHS Foundation Trust,1.04664
RRP,"Barnet, Enfield And Haringey Mental Health NHS Trust",1.157856
RRU,London Ambulance Service NHS Trust,1.160686
RRV,University College London Hospitals NHS Foundation Trust,1.205116
RT1,Cambridgeshire And Peterborough NHS Foundation Trust,1.056466
RT2,Pennine Care NHS Foundation Trust,1.042566
RT5,Leicestershire Partnership NHS Trust,1.034049
RTD,The Newcastle Upon Tyne Hospitals NHS Foundation Trust,1.032232
RTE,Gloucestershire Hospitals NHS Foundation Trust,1.049251
RTF,Northumbria Healthcare NHS Foundation Trust,1.026515
RTG,University Hospitals Of Derby And Burton NHS Foundation Trust,1.043088
RTH,Oxford University Hospitals NHS Foundation Trust,1.084954
RTK,Ashford And St Peter's Hospitals NHS Foundation Trust,1.125641
RTP,Surrey And Sussex Healthcare NHS Trust,1.11084
RTQ,Gloucestershire Health And Care NHS Foundation Trust,1.04614
RTR,South Tees Hospitals NHS Foundation Trust,1.01583
RTX,University Hospitals Of Morecambe Bay NHS Foundation Trust,1.023271
RV3,Central And North West London NHS Foundation Trust,1.16102
RV5,South London And Maudsley NHS Foundation Trust,1.159563
RV9,Humber Teaching NHS Foundation Trust,1.017563
RVJ,North Bristol NHS Trust,1.058546
RVN,Avon And Wiltshire Mental Health Partnership NHS Trust,1.052383
RVR,Epsom And St Helier University Hospitals NHS Trust,1.150113
RVV,East Kent Hospitals University NHS Foundation Trust,1.04186
RVW,North Tees And Hartlepool NHS Foundation Trust,1.012475
RW1,Southern Health NHS Foundation Trust,1.064519
RW4,Mersey Care NHS Foundation Trust,1.02918
RW5,Lancashire and South Cumbria NHS Foundation Trust,1.019297
RWA,Hull University Teaching Hospitals NHS Trust,1.019523
RWD,United Lincolnshire Hospitals NHS Trust,1.008719
RWE,University Hospitals Of Leicester NHS Trust,1.033193
RWF,Maidstone And Tunbridge Wells NHS Trust,1.061503
RWG,West Hertfordshire Teaching Hospitals NHS Trust,1.11274
RWH,East And North Hertfordshire NHS Trust,1.100632
RWJ,Stockport NHS Foundation Trust,1.042969
RWK,East London NHS Foundation Trust,1.157186
RWP,Worcestershire Acute Hospitals NHS Trust,1.032353
RWR,Hertfordshire Partnership University NHS Foundation Trust,1.094264
RWV,Devon Partnership NHS Trust,1.011166
RWW,Warrington And Halton Teaching Hospitals NHS Foundation Trust,1.035145
RWX,Berkshire Healthcare NHS Foundation Trust,1.120528
RWY,Calderdale And Huddersfield NHS Foundation Trust,1.018501
RX1,Nottingham University Hospitals NHS Trust,1.030875
RX2,Sussex Partnership NHS Foundation Trust,1.04477
RX3,"Tees, Esk And Wear Valleys NHS Foundation Trust",1.020496
RX4,"Cumbria, Northumberland, Tyne And Wear NHS Foundation Trust",1.028033
RX6,North East Ambulance Service NHS Foundation Trust,1.033275
RX7,North West Ambulance Service NHS Trust,1.034831
RX8,Yorkshire Ambulance Service NHS Trust,1.029941
RX9,East Midlands Ambulance Service NHS Trust,1.029342
RXA,Cheshire And Wirral Partnership NHS Foundation Trust,1.036178
RXC,East Sussex Healthcare NHS Trust,1.029469
RXE,Rotherham Doncaster And South Humber NHS Foundation Trust,1.024912
RXF,Mid Yorkshire Teaching NHS Trust,1.029622
RXG,South West Yorkshire Partnership NHS Foundation Trust,1.0275
RXK,Sandwell And West Birmingham Hospitals NHS Trust,1.036895
RXL,Blackpool Teaching Hospitals NHS Foundation Trust,1.006772
RXM,Derbyshire Healthcare NHS Foundation Trust,1.043699
RXN,Lancashire Teaching Hospitals NHS Foundation Trust,1.023333
RXP,County Durham And Darlington NHS Foundation Trust,1.026237
RXQ,Buckinghamshire Healthcare NHS Trust,1.100188
RXR,East Lancashire Hospitals NHS Trust,1.022726
RXT,Birmingham And Solihull Mental Health NHS Foundation Trust,1.046909
RXV,Greater Manchester Mental Health NHS Foundation Trust,1.062244
RXW,The Shrewsbury And Telford Hospital NHS Trust,1.021571
RXX,Surrey And Borders Partnership NHS Foundation Trust,1.126602
RXY,Kent And Medway NHS And Social Care Partnership Trust,1.082295
RY2,Bridgewater Community Healthcare NHS Foundation Trust,1.035385
RY3,Norfolk Community Health And Care NHS Trust,1.011925
RY4,Hertfordshire Community NHS Trust,1.097064
RY5,Lincolnshire Community Health Services NHS Trust,1.013526
RY6,Leeds Community Healthcare NHS Trust,1.036329
RY7,Wirral Community Health and Care NHS Foundation Trust,1.02065
RY8,Derbyshire Community Health Services NHS Foundation Trust,1.028702
RY9,Hounslow And Richmond Community Healthcare NHS Trust,1.154088
RYA,West Midlands Ambulance Service University NHS Foundation Trust,1.032341
RYC,East Of England Ambulance Service NHS Trust,1.060378
RYD,South East Coast Ambulance Service NHS Foundation Trust,1.06848
RYE,South Central Ambulance Service NHS Foundation Trust,1.073079
RYF,South Western Ambulance Service NHS Foundation Trust,1.036834
RYG,Coventry And Warwickshire Partnership NHS Trust,1.054843
RYJ,Imperial College Healthcare NHS Trust,1.176907
RYK,Dudley Integrated Health and Care NHS Trust,1.022439
RYR,University Hospitals Sussex NHS Foundation Trust,1.044451
RYV,Cambridgeshire Community Services NHS Trust,1.039361
RYW,Birmingham Community Healthcare NHS Foundation Trust,1.048406
RYX,Central London Community Healthcare NHS Trust,1.166133
RYY,Kent Community Health NHS Foundation Trust,1.070671
TAD,Bradford District Care NHS Foundation Trust,1.014319
TAF,Camden And Islington NHS Foundation Trust,1.1902
TAH,Sheffield Health & Social Care NHS Foundation Trust,1.023609
TAJ,Black Country Healthcare NHS Foundation Trust ,1.026419
